[
    {
        "model": "auth.permission",
        "pk": 1,
        "fields": {
            "name": "Can add log entry",
            "content_type": 1,
            "codename": "add_logentry"
        }
    },
    {
        "model": "auth.permission",
        "pk": 2,
        "fields": {
            "name": "Can change log entry",
            "content_type": 1,
            "codename": "change_logentry"
        }
    },
    {
        "model": "auth.permission",
        "pk": 3,
        "fields": {
            "name": "Can delete log entry",
            "content_type": 1,
            "codename": "delete_logentry"
        }
    },
    {
        "model": "auth.permission",
        "pk": 4,
        "fields": {
            "name": "Can view log entry",
            "content_type": 1,
            "codename": "view_logentry"
        }
    },
    {
        "model": "auth.permission",
        "pk": 5,
        "fields": {
            "name": "Can add permission",
            "content_type": 2,
            "codename": "add_permission"
        }
    },
    {
        "model": "auth.permission",
        "pk": 6,
        "fields": {
            "name": "Can change permission",
            "content_type": 2,
            "codename": "change_permission"
        }
    },
    {
        "model": "auth.permission",
        "pk": 7,
        "fields": {
            "name": "Can delete permission",
            "content_type": 2,
            "codename": "delete_permission"
        }
    },
    {
        "model": "auth.permission",
        "pk": 8,
        "fields": {
            "name": "Can view permission",
            "content_type": 2,
            "codename": "view_permission"
        }
    },
    {
        "model": "auth.permission",
        "pk": 9,
        "fields": {
            "name": "Can add group",
            "content_type": 3,
            "codename": "add_group"
        }
    },
    {
        "model": "auth.permission",
        "pk": 10,
        "fields": {
            "name": "Can change group",
            "content_type": 3,
            "codename": "change_group"
        }
    },
    {
        "model": "auth.permission",
        "pk": 11,
        "fields": {
            "name": "Can delete group",
            "content_type": 3,
            "codename": "delete_group"
        }
    },
    {
        "model": "auth.permission",
        "pk": 12,
        "fields": {
            "name": "Can view group",
            "content_type": 3,
            "codename": "view_group"
        }
    },
    {
        "model": "auth.permission",
        "pk": 13,
        "fields": {
            "name": "Can add user",
            "content_type": 4,
            "codename": "add_user"
        }
    },
    {
        "model": "auth.permission",
        "pk": 14,
        "fields": {
            "name": "Can change user",
            "content_type": 4,
            "codename": "change_user"
        }
    },
    {
        "model": "auth.permission",
        "pk": 15,
        "fields": {
            "name": "Can delete user",
            "content_type": 4,
            "codename": "delete_user"
        }
    },
    {
        "model": "auth.permission",
        "pk": 16,
        "fields": {
            "name": "Can view user",
            "content_type": 4,
            "codename": "view_user"
        }
    },
    {
        "model": "auth.permission",
        "pk": 17,
        "fields": {
            "name": "Can add content type",
            "content_type": 5,
            "codename": "add_contenttype"
        }
    },
    {
        "model": "auth.permission",
        "pk": 18,
        "fields": {
            "name": "Can change content type",
            "content_type": 5,
            "codename": "change_contenttype"
        }
    },
    {
        "model": "auth.permission",
        "pk": 19,
        "fields": {
            "name": "Can delete content type",
            "content_type": 5,
            "codename": "delete_contenttype"
        }
    },
    {
        "model": "auth.permission",
        "pk": 20,
        "fields": {
            "name": "Can view content type",
            "content_type": 5,
            "codename": "view_contenttype"
        }
    },
    {
        "model": "auth.permission",
        "pk": 21,
        "fields": {
            "name": "Can add session",
            "content_type": 6,
            "codename": "add_session"
        }
    },
    {
        "model": "auth.permission",
        "pk": 22,
        "fields": {
            "name": "Can change session",
            "content_type": 6,
            "codename": "change_session"
        }
    },
    {
        "model": "auth.permission",
        "pk": 23,
        "fields": {
            "name": "Can delete session",
            "content_type": 6,
            "codename": "delete_session"
        }
    },
    {
        "model": "auth.permission",
        "pk": 24,
        "fields": {
            "name": "Can view session",
            "content_type": 6,
            "codename": "view_session"
        }
    },
    {
        "model": "contenttypes.contenttype",
        "pk": 1,
        "fields": {
            "app_label": "admin",
            "model": "logentry"
        }
    },
    {
        "model": "contenttypes.contenttype",
        "pk": 2,
        "fields": {
            "app_label": "auth",
            "model": "permission"
        }
    },
    {
        "model": "contenttypes.contenttype",
        "pk": 3,
        "fields": {
            "app_label": "auth",
            "model": "group"
        }
    },
    {
        "model": "contenttypes.contenttype",
        "pk": 4,
        "fields": {
            "app_label": "auth",
            "model": "user"
        }
    },
    {
        "model": "contenttypes.contenttype",
        "pk": 5,
        "fields": {
            "app_label": "contenttypes",
            "model": "contenttype"
        }
    },
    {
        "model": "contenttypes.contenttype",
        "pk": 6,
        "fields": {
            "app_label": "sessions",
            "model": "session"
        }
    },
    {
        "model": "back_app.user",
        "pk": 1,
        "fields": {
            "email": "admin@admin.com",
            "password": "pbkdf2_sha256$260000$piDIpZmMQCDcgQ854VKad7$CxTtTrqkoBk1CNIWJzUXltiSrJoKIzrVJ0c9W0wGlfc=",
            "role": 1
        }
    },
    {
        "model": "back_app.brand",
        "pk": 1,
        "fields": {
            "brand": "jam 1 producter"
        }
    },
    {
        "model": "back_app.brand",
        "pk": 2,
        "fields": {
            "brand": "jam 2 producter"
        }
    },
    {
        "model": "back_app.category",
        "pk": 1,
        "fields": {
            "category": "Preserves"
        }
    },
    {
        "model": "back_app.category",
        "pk": 2,
        "fields": {
            "category": "Jellies"
        }
    },
    {
        "model": "back_app.category",
        "pk": 3,
        "fields": {
            "category": "Jams"
        }
    },
    {
        "model": "back_app.flavor",
        "pk": 1,
        "fields": {
            "flavor": "vanilla"
        }
    },
    {
        "model": "back_app.flavor",
        "pk": 2,
        "fields": {
            "flavor": "strawberies"
        }
    },
    {
        "model": "back_app.flavor",
        "pk": 3,
        "fields": {
            "flavor": "orange"
        }
    },
    {
        "model": "back_app.flavor",
        "pk": 4,
        "fields": {
            "flavor": "lemon"
        }
    },
    {
        "model": "back_app.flavor",
        "pk": 5,
        "fields": {
            "flavor": "fruit flavour"
        }
    },
    {
        "model": "back_app.ingredient",
        "pk": 1,
        "fields": {
            "ingredient": "sugar"
        }
    },
    {
        "model": "back_app.ingredient",
        "pk": 2,
        "fields": {
            "ingredient": "lemon juice"
        }
    },
    {
        "model": "back_app.ingredient",
        "pk": 3,
        "fields": {
            "ingredient": "strawberries"
        }
    },
    {
        "model": "back_app.ingredient",
        "pk": 4,
        "fields": {
            "ingredient": "peaches"
        }
    },
    {
        "model": "back_app.ingredient",
        "pk": 5,
        "fields": {
            "ingredient": "abricot"
        }
    },
    {
        "model": "back_app.ingredient",
        "pk": 6,
        "fields": {
            "ingredient": "water"
        }
    },
    {
        "model": "back_app.ingredient",
        "pk": 7,
        "fields": {
            "ingredient": "vanilla"
        }
    },
    {
        "model": "back_app.ingredient",
        "pk": 8,
        "fields": {
            "ingredient": "honey"
        }
    },
    {
        "model": "back_app.productingredient",
        "pk": 1,
        "fields": {
            "product": 1,
            "ingredient": 1,
            "quantity": 55
        }
    },
    {
        "model": "back_app.productingredient",
        "pk": 2,
        "fields": {
            "product": 1,
            "ingredient": 5,
            "quantity": 55
        }
    },
    {
        "model": "back_app.productingredient",
        "pk": 3,
        "fields": {
            "product": 1,
            "ingredient": 6,
            "quantity": 55
        }
    },
    {
        "model": "back_app.productingredient",
        "pk": 4,
        "fields": {
            "product": 2,
            "ingredient": 1,
            "quantity": 55
        }
    },
    {
        "model": "back_app.productingredient",
        "pk": 5,
        "fields": {
            "product": 2,
            "ingredient": 8,
            "quantity": 55
        }
    },
    {
        "model": "back_app.productingredient",
        "pk": 6,
        "fields": {
            "product": 2,
            "ingredient": 4,
            "quantity": 55
        }
    },
    {
        "model": "back_app.productingredient",
        "pk": 7,
        "fields": {
            "product": 3,
            "ingredient": 1,
            "quantity": 55
        }
    },
    {
        "model": "back_app.productingredient",
        "pk": 8,
        "fields": {
            "product": 3,
            "ingredient": 8,
            "quantity": 55
        }
    },
    {
        "model": "back_app.productingredient",
        "pk": 9,
        "fields": {
            "product": 3,
            "ingredient": 4,
            "quantity": 55
        }
    },
    {
        "model": "back_app.productingredient",
        "pk": 10,
        "fields": {
            "product": 3,
            "ingredient": 1,
            "quantity": 55
        }
    },
    {
        "model": "back_app.productingredient",
        "pk": 11,
        "fields": {
            "product": 3,
            "ingredient": 3,
            "quantity": 55
        }
    },
    {
        "model": "back_app.productingredient",
        "pk": 12,
        "fields": {
            "product": 4,
            "ingredient": 1,
            "quantity": 50
        }
    },
    {
        "model": "back_app.productingredient",
        "pk": 13,
        "fields": {
            "product": 4,
            "ingredient": 3,
            "quantity": 150
        }
    },
    {
        "model": "back_app.productingredient",
        "pk": 14,
        "fields": {
            "product": 4,
            "ingredient": 6,
            "quantity": 150
        }
    },
    {
        "model": "back_app.productingredient",
        "pk": 15,
        "fields": {
            "product": 5,
            "ingredient": 1,
            "quantity": 50
        }
    },
    {
        "model": "back_app.productingredient",
        "pk": 16,
        "fields": {
            "product": 5,
            "ingredient": 3,
            "quantity": 150
        }
    },
    {
        "model": "back_app.productingredient",
        "pk": 17,
        "fields": {
            "product": 5,
            "ingredient": 6,
            "quantity": 150
        }
    },
    {
        "model": "back_app.productingredient",
        "pk": 18,
        "fields": {
            "product": 6,
            "ingredient": 1,
            "quantity": 50
        }
    },
    {
        "model": "back_app.productingredient",
        "pk": 19,
        "fields": {
            "product": 6,
            "ingredient": 3,
            "quantity": 150
        }
    },
    {
        "model": "back_app.productingredient",
        "pk": 20,
        "fields": {
            "product": 6,
            "ingredient": 6,
            "quantity": 150
        }
    },
    {
        "model": "back_app.productingredient",
        "pk": 21,
        "fields": {
            "product": 7,
            "ingredient": 1,
            "quantity": 50
        }
    },
    {
        "model": "back_app.productingredient",
        "pk": 22,
        "fields": {
            "product": 7,
            "ingredient": 3,
            "quantity": 150
        }
    },
    {
        "model": "back_app.productingredient",
        "pk": 23,
        "fields": {
            "product": 7,
            "ingredient": 6,
            "quantity": 150
        }
    },
    {
        "model": "back_app.productingredient",
        "pk": 24,
        "fields": {
            "product": 8,
            "ingredient": 1,
            "quantity": 50
        }
    },
    {
        "model": "back_app.productingredient",
        "pk": 25,
        "fields": {
            "product": 8,
            "ingredient": 3,
            "quantity": 150
        }
    },
    {
        "model": "back_app.productingredient",
        "pk": 26,
        "fields": {
            "product": 8,
            "ingredient": 6,
            "quantity": 150
        }
    },
    {
        "model": "back_app.productingredient",
        "pk": 27,
        "fields": {
            "product": 9,
            "ingredient": 1,
            "quantity": 50
        }
    },
    {
        "model": "back_app.productingredient",
        "pk": 28,
        "fields": {
            "product": 9,
            "ingredient": 3,
            "quantity": 150
        }
    },
    {
        "model": "back_app.productingredient",
        "pk": 29,
        "fields": {
            "product": 9,
            "ingredient": 6,
            "quantity": 150
        }
    },
    {
        "model": "back_app.productingredient",
        "pk": 30,
        "fields": {
            "product": 10,
            "ingredient": 1,
            "quantity": 50
        }
    },
    {
        "model": "back_app.productingredient",
        "pk": 31,
        "fields": {
            "product": 10,
            "ingredient": 3,
            "quantity": 150
        }
    },
    {
        "model": "back_app.productingredient",
        "pk": 32,
        "fields": {
            "product": 10,
            "ingredient": 6,
            "quantity": 150
        }
    },
    {
        "model": "back_app.product",
        "pk": 1,
        "fields": {
            "name": "Fraise",
            "description": "jam de fraises",
            "image": "fraise.jpeg",
            "price": "5",
            "promotion": 0,
            "quantity": 250,
            "brand": 1,
            "category": 2,
            "flavor": 3,
            "stock_disponible": 2,
            "type_contenant": 1
        }
    },
    {
        "model": "back_app.product",
        "pk": 2,
        "fields": {
            "name": "Cerises",
            "description": "cerises jam",
            "image": "cerises.jpeg",
            "price": "5",
            "promotion": 1,
            "quantity": 500,
            "brand": 1,
            "category": 3,
            "flavor": 5,
            "stock_disponible": 1,
            "type_contenant": 1
        }
    },
    {
        "model": "back_app.product",
        "pk": 3,
        "fields": {
            "name": "Figue",
            "description": "figue jam",
            "image": "figue.jpeg",
            "price": "5.50",
            "promotion": 1,
            "quantity": 450,
            "brand": 2,
            "category": 1,
            "flavor": 4,
            "stock_disponible": 1,
            "type_contenant": 3
        }
    },
    {
        "model": "back_app.product",
        "pk": 4,
        "fields": {
            "name": "Fraise",
            "description": "jam fraise",
            "image": "fraise.jpeg",
            "price": "4.50",
            "promotion": 0,
            "quantity": 350,
            "brand": 1,
            "category": 2,
            "flavor": 1,
            "stock_disponible": 1,
            "type_contenant": 2
        }
    },
    {
        "model": "back_app.product",
        "pk": 5,
        "fields": {
            "name": "Framboise",
            "description": "jam fraise",
            "image": "framboise.jpeg",
            "price": "4.80",
            "promotion": 0,
            "quantity": 350,
            "brand": 2,
            "category": 1,
            "flavor": 5,
            "stock_disponible": 1,
            "type_contenant": 2
        }
    },
    {
        "model": "back_app.product",
        "pk": 6,
        "fields": {
            "name": "Gelee-coings.jpeg",
            "description": "jam fraise",
            "image": "gelee-coings.jpeg",
            "price": "5.80",
            "promotion": 0,
            "quantity": 350,
            "brand": 2,
            "category": 2,
            "flavor": 5,
            "stock_disponible": 1,
            "type_contenant": 1
        }
    },
    {
        "model": "back_app.product",
        "pk": 7,
        "fields": {
            "name": "Prune.jpeg",
            "description": "jam prune",
            "image": "prune.jpeg",
            "price": "3.80",
            "promotion": 0,
            "quantity": 400,
            "brand": 2,
            "category": 2,
            "flavor": 5,
            "stock_disponible": 1,
            "type_contenant": 1
        }
    },
    {
        "model": "back_app.product",
        "pk": 8,
        "fields": {
            "name": "Myrtille",
            "description": "jam Myrtille",
            "image": "myrtille.jpeg",
            "price": "4.20",
            "promotion": 0,
            "quantity": 420,
            "brand": 1,
            "category": 3,
            "flavor": 5,
            "stock_disponible": 1,
            "type_contenant": 3
        }
    },
    {
        "model": "back_app.product",
        "pk": 9,
        "fields": {
            "name": "Intense-myrtille",
            "description": "jam Myrtille intense",
            "image": "intense-myrtille.jpeg",
            "price": "4.90",
            "promotion": 0,
            "quantity": 420,
            "brand": 1,
            "category": 3,
            "flavor": 5,
            "stock_disponible": 1,
            "type_contenant": 1
        }
    },
    {
        "model": "back_app.product",
        "pk": 10,
        "fields": {
            "name": "Intense-fraise",
            "description": "jam fraise intense",
            "image": "intense-fraise.jpeg",
            "price": "4.90",
            "promotion": 0,
            "quantity": 420,
            "brand": 2,
            "category": 2,
            "flavor": 5,
            "stock_disponible": 1,
            "type_contenant": 1
        }
    },
    {
        "model": "back_app.product",
        "pk": 11,
        "fields": {
            "name": "Intense-abricot",
            "description": "jam abricot intense",
            "image": "intense-abricot.jpeg",
            "price": "4.30",
            "promotion": 1,
            "quantity": 400,
            "brand": 2,
            "category": 2,
            "flavor": 5,
            "stock_disponible": 1,
            "type_contenant": 1
        }
    },
    {
        "model": "back_app.role",
        "pk": 1,
        "fields": {
            "role": "admin"
        }
    },
    {
        "model": "back_app.role",
        "pk": 2,
        "fields": {
            "role": "classical_user"
        }
    },
    {
        "model": "back_app.role",
        "pk": 3,
        "fields": {
            "role": "superadmin"
        }
    },
    {
        "model": "back_app.stockdisponible",
        "pk": 1,
        "fields": {
            "stock_disponible": "true"
        }
    },
    {
        "model": "back_app.stockdisponible",
        "pk": 2,
        "fields": {
            "stock_disponible": "false"
        }
    },
    {
        "model": "back_app.typecontenant",
        "pk": 1,
        "fields": {
            "type_contenant": "glass"
        }
    },
    {
        "model": "back_app.typecontenant",
        "pk": 2,
        "fields": {
            "type_contenant": "plastic"
        }
    },
    {
        "model": "back_app.typecontenant",
        "pk": 3,
        "fields": {
            "type_contenant": "metal"
        }
    }
]